Event;Timestamp
levenshtein_distance;2025-09-20 12:09:49
levenshtein_distance;2025-09-20 12:09:49
levenshtein_distance;2025-09-20 12:09:49
levenshtein_distance;2025-09-20 12:09:49
black_list_check_full RES: similar good boy;2025-09-20 12:09:49
levenshtein_distance;2025-09-20 12:09:49
levenshtein_distance;2025-09-20 12:09:49
levenshtein_distance;2025-09-20 12:09:49
levenshtein_distance;2025-09-20 12:09:49
levenshtein_distance;2025-09-20 12:09:49
levenshtein_distance;2025-09-20 12:09:49
levenshtein_distance;2025-09-20 12:09:49
levenshtein_distance;2025-09-20 12:09:49
levenshtein_distance;2025-09-20 12:09:50
levenshtein_distance;2025-09-20 12:09:50
levenshtein_distance;2025-09-20 12:09:50
levenshtein_distance;2025-09-20 12:09:50
levenshtein_distance;2025-09-20 12:09:50
levenshtein_distance;2025-09-20 12:09:50
levenshtein_distance;2025-09-20 12:09:50
black_list_check_full RES: similar good boy;2025-09-20 12:09:50
levenshtein_distance;2025-09-20 12:09:50
levenshtein_distance;2025-09-20 12:09:50
levenshtein_distance;2025-09-20 12:09:50
levenshtein_distance;2025-09-20 12:09:50
levenshtein_distance;2025-09-20 12:09:50
levenshtein_distance;2025-09-20 12:09:50
levenshtein_distance;2025-09-20 12:09:50
levenshtein_distance;2025-09-20 12:09:50
levenshtein_distance;2025-09-20 12:09:50
levenshtein_distance;2025-09-20 12:09:50
levenshtein_distance;2025-09-20 12:09:50
levenshtein_distance;2025-09-20 12:09:50
levenshtein_distance;2025-09-20 12:09:50
levenshtein_distance;2025-09-20 12:09:50
levenshtein_distance;2025-09-20 12:09:50
black_list_check_full RES: similar good boy;2025-09-20 12:09:50
levenshtein_distance;2025-09-20 12:09:50
levenshtein_distance;2025-09-20 12:09:50
levenshtein_distance;2025-09-20 12:09:50
levenshtein_distance;2025-09-20 12:09:50
levenshtein_distance;2025-09-20 12:09:50
levenshtein_distance;2025-09-20 12:09:50
levenshtein_distance;2025-09-20 12:09:50
levenshtein_distance;2025-09-20 12:09:50
levenshtein_distance;2025-09-20 12:09:50
levenshtein_distance;2025-09-20 12:09:50
levenshtein_distance;2025-09-20 12:09:50
levenshtein_distance;2025-09-20 12:09:50
